Area,ForecastTime,Time,AirTemperature (C),CloudFraction,RelativeHumidity ,WindDirection (degrees),WindSpeed (m/s),NextHourSummary,Precipitation (mm)
"Solvang, CA",2025-01-17T13:18:59Z,2025-01-17T15:00:00Z,5.9,0.0,42.1,21.0,0.7,clearsky_day,0.0
"Solvang, CA",2025-01-17T13:18:59Z,2025-01-17T16:00:00Z,7.2,0.0,47.4,48.9,1.1,clearsky_day,0.0
"Solvang, CA",2025-01-17T13:18:59Z,2025-01-17T17:00:00Z,10.6,0.0,40.5,214.5,1.4,clearsky_day,0.0
"Solvang, CA",2025-01-17T13:18:59Z,2025-01-17T18:00:00Z,13.0,0.0,43.5,231.5,1.5,clearsky_day,0.0
"Solvang, CA",2025-01-17T13:18:59Z,2025-01-17T19:00:00Z,14.9,0.0,43.1,267.0,2.4,clearsky_day,0.0
"Solvang, CA",2025-01-17T13:18:59Z,2025-01-17T20:00:00Z,16.5,0.0,40.0,302.2,3.0,clearsky_day,0.0
"Solvang, CA",2025-01-17T13:18:59Z,2025-01-17T21:00:00Z,17.4,0.0,35.6,312.8,3.6,clearsky_day,0.0
"Solvang, CA",2025-01-17T13:18:59Z,2025-01-17T22:00:00Z,17.4,0.0,35.0,315.0,4.1,clearsky_day,0.0
"Solvang, CA",2025-01-17T13:18:59Z,2025-01-17T23:00:00Z,16.5,0.0,37.7,314.4,4.9,clearsky_day,0.0
"Solvang, CA",2025-01-17T13:18:59Z,2025-01-18T00:00:00Z,14.6,0.0,49.7,314.0,4.9,clearsky_day,0.0
"Solvang, CA",2025-01-17T13:18:59Z,2025-01-18T01:00:00Z,11.6,0.0,72.8,321.8,4.0,clearsky_night,0.0
"Solvang, CA",2025-01-17T13:18:59Z,2025-01-18T02:00:00Z,9.1,0.0,91.8,330.1,4.3,clearsky_night,0.0
"Solvang, CA",2025-01-17T13:18:59Z,2025-01-18T03:00:00Z,7.8,7.8,98.7,328.5,4.7,clearsky_night,0.0
"Solvang, CA",2025-01-17T13:18:59Z,2025-01-18T04:00:00Z,6.9,80.5,99.7,328.6,4.5,fog,0.0
"Solvang, CA",2025-01-17T13:18:59Z,2025-01-18T05:00:00Z,6.6,96.1,99.8,331.3,4.2,fog,0.0
"Solvang, CA",2025-01-17T13:18:59Z,2025-01-18T06:00:00Z,6.8,99.2,100.0,332.3,4.5,fog,0.0
"Solvang, CA",2025-01-17T13:18:59Z,2025-01-18T07:00:00Z,7.0,99.2,99.6,336.0,4.3,fog,0.0
"Solvang, CA",2025-01-17T13:18:59Z,2025-01-18T08:00:00Z,7.0,97.7,99.5,342.7,3.8,fog,0.0
"Solvang, CA",2025-01-17T13:18:59Z,2025-01-18T09:00:00Z,6.7,97.7,99.1,349.9,3.3,fog,0.0
"Solvang, CA",2025-01-17T13:18:59Z,2025-01-18T10:00:00Z,6.2,97.7,98.7,357.1,2.7,fog,0.0
"Solvang, CA",2025-01-17T13:18:59Z,2025-01-18T11:00:00Z,6.0,96.9,97.2,359.6,2.6,fog,0.0
"Solvang, CA",2025-01-17T13:18:59Z,2025-01-18T12:00:00Z,6.1,89.8,94.6,12.3,2.6,fog,0.0
"Solvang, CA",2025-01-17T13:18:59Z,2025-01-18T13:00:00Z,5.5,72.7,93.7,26.9,2.5,fog,0.0
"Solvang, CA",2025-01-17T13:18:59Z,2025-01-18T14:00:00Z,5.2,57.8,90.0,39.1,2.5,partlycloudy_night,0.0
"Solvang, CA",2025-01-17T13:18:59Z,2025-01-18T15:00:00Z,4.7,46.9,85.0,44.8,2.4,partlycloudy_day,0.0
"Solvang, CA",2025-01-17T13:18:59Z,2025-01-18T16:00:00Z,5.8,32.0,78.1,54.9,2.1,fair_day,0.0
"Solvang, CA",2025-01-17T13:18:59Z,2025-01-18T17:00:00Z,7.5,19.5,79.1,103.2,1.3,fair_day,0.0
"Solvang, CA",2025-01-17T13:18:59Z,2025-01-18T18:00:00Z,10.8,1.6,64.6,189.5,1.4,clearsky_day,0.0
"Solvang, CA",2025-01-17T13:18:59Z,2025-01-18T19:00:00Z,13.3,0.8,59.5,197.8,2.0,clearsky_day,0.0
"Solvang, CA",2025-01-17T13:18:59Z,2025-01-18T20:00:00Z,14.9,0.8,58.3,206.1,2.2,clearsky_day,0.0
"Solvang, CA",2025-01-17T13:18:59Z,2025-01-18T21:00:00Z,15.9,0.0,56.3,217.2,2.3,clearsky_day,0.0
"Solvang, CA",2025-01-17T13:18:59Z,2025-01-18T22:00:00Z,16.3,0.0,55.8,243.4,2.2,clearsky_day,0.0
"Solvang, CA",2025-01-17T13:18:59Z,2025-01-18T23:00:00Z,16.0,0.0,56.3,272.0,3.0,clearsky_day,0.0
"Solvang, CA",2025-01-17T13:18:59Z,2025-01-19T00:00:00Z,15.1,0.0,56.6,297.6,3.5,clearsky_day,0.0
"Solvang, CA",2025-01-17T13:18:59Z,2025-01-19T01:00:00Z,12.3,0.0,65.9,314.2,2.9,clearsky_night,0.0
"Solvang, CA",2025-01-17T13:18:59Z,2025-01-19T02:00:00Z,9.4,0.0,80.0,334.1,2.4,clearsky_night,0.0
"Solvang, CA",2025-01-17T13:18:59Z,2025-01-19T03:00:00Z,7.6,0.0,90.3,342.5,2.8,clearsky_night,0.0
"Solvang, CA",2025-01-17T13:18:59Z,2025-01-19T04:00:00Z,6.7,0.0,95.1,352.1,2.8,clearsky_night,0.0
"Solvang, CA",2025-01-17T13:18:59Z,2025-01-19T05:00:00Z,6.4,11.7,96.5,11.7,2.6,clearsky_night,0.0
"Solvang, CA",2025-01-17T13:18:59Z,2025-01-19T06:00:00Z,6.2,24.2,96.2,10.0,2.7,fair_night,0.0
"Solvang, CA",2025-01-17T13:18:59Z,2025-01-19T07:00:00Z,6.2,75.0,94.7,10.0,3.0,partlycloudy_night,0.0
"Solvang, CA",2025-01-17T13:18:59Z,2025-01-19T08:00:00Z,6.1,59.4,91.2,3.5,3.2,partlycloudy_night,0.0
"Solvang, CA",2025-01-17T13:18:59Z,2025-01-19T09:00:00Z,5.7,14.1,85.3,8.5,3.0,fair_night,0.0
"Solvang, CA",2025-01-17T13:18:59Z,2025-01-19T10:00:00Z,5.4,1.6,77.5,2.3,2.8,clearsky_night,0.0
"Solvang, CA",2025-01-17T13:18:59Z,2025-01-19T11:00:00Z,4.9,0.0,71.2,350.4,3.1,clearsky_night,0.0
"Solvang, CA",2025-01-17T13:18:59Z,2025-01-19T12:00:00Z,4.4,0.0,68.8,358.5,3.2,clearsky_night,0.0
"Solvang, CA",2025-01-17T13:18:59Z,2025-01-19T13:00:00Z,3.7,0.0,67.9,1.8,3.3,clearsky_night,0.0
"Solvang, CA",2025-01-17T13:18:59Z,2025-01-19T14:00:00Z,3.5,0.0,65.2,19.0,3.1,clearsky_night,0.0
"Solvang, CA",2025-01-17T13:18:59Z,2025-01-19T15:00:00Z,3.3,0.8,63.5,21.3,2.7,clearsky_day,0.0
"Solvang, CA",2025-01-17T13:18:59Z,2025-01-19T16:00:00Z,5.3,2.3,57.4,0.0,3.2,clearsky_day,0.0
"Solvang, CA",2025-01-17T13:18:59Z,2025-01-19T17:00:00Z,8.8,5.5,50.9,333.0,3.1,clearsky_day,0.0
"Solvang, CA",2025-01-17T13:18:59Z,2025-01-19T18:00:00Z,11.8,0.8,49.4,324.7,2.7,clearsky_day,0.0
"Solvang, CA",2025-01-17T13:18:59Z,2025-01-19T19:00:00Z,14.1,1.6,46.2,320.8,3.0,clearsky_day,0.0
"Solvang, CA",2025-01-17T13:18:59Z,2025-01-19T20:00:00Z,15.1,0.8,45.5,319.4,4.1,clearsky_day,0.0
"Solvang, CA",2025-01-17T13:18:59Z,2025-01-19T21:00:00Z,16.1,0.0,43.1,315.2,5.2,clearsky_day,0.0
"Solvang, CA",2025-01-17T13:18:59Z,2025-01-19T22:00:00Z,16.3,0.0,43.7,313.3,5.8,clearsky_day,0.0
"Solvang, CA",2025-01-17T13:18:59Z,2025-01-19T23:00:00Z,15.3,0.0,54.4,310.0,6.2,clearsky_day,0.0
"Solvang, CA",2025-01-17T13:18:59Z,2025-01-20T00:00:00Z,13.2,0.0,68.2,309.9,6.0,clearsky_day,0.0
"Solvang, CA",2025-01-17T13:18:59Z,2025-01-20T01:00:00Z,10.4,0.0,85.0,315.5,6.0,clearsky_night,0.0
"Solvang, CA",2025-01-17T13:18:59Z,2025-01-20T02:00:00Z,8.4,0.8,96.1,320.4,5.8,clearsky_night,0.0
"Solvang, CA",2025-01-17T13:18:59Z,2025-01-20T03:00:00Z,7.4,72.7,99.6,326.2,5.5,partlycloudy_night,0.0
"Solvang, CA",2025-01-17T13:18:59Z,2025-01-20T04:00:00Z,6.7,87.5,99.8,332.6,5.1,fog,0.0
"Solvang, CA",2025-01-17T13:18:59Z,2025-01-20T05:00:00Z,6.3,99.2,100.0,338.8,5.0,fog,0.0
"Buellton, CA",2025-01-17T13:18:59Z,2025-01-17T15:00:00Z,4.9,0.0,49.9,45.5,0.7,clearsky_day,0.0
"Buellton, CA",2025-01-17T13:18:59Z,2025-01-17T16:00:00Z,6.0,0.0,57.5,82.1,1.3,clearsky_day,0.0
"Buellton, CA",2025-01-17T13:18:59Z,2025-01-17T17:00:00Z,9.9,0.0,50.1,178.0,1.5,clearsky_day,0.0
"Buellton, CA",2025-01-17T13:18:59Z,2025-01-17T18:00:00Z,13.0,0.0,50.3,227.7,1.4,clearsky_day,0.0
"Buellton, CA",2025-01-17T13:18:59Z,2025-01-17T19:00:00Z,15.1,0.0,48.0,274.4,2.3,clearsky_day,0.0
"Buellton, CA",2025-01-17T13:18:59Z,2025-01-17T20:00:00Z,16.6,0.0,42.8,306.2,2.9,clearsky_day,0.0
"Buellton, CA",2025-01-17T13:18:59Z,2025-01-17T21:00:00Z,17.3,0.0,38.3,316.2,3.4,clearsky_day,0.0
"Buellton, CA",2025-01-17T13:18:59Z,2025-01-17T22:00:00Z,17.2,0.0,38.5,319.8,4.1,clearsky_day,0.0
"Buellton, CA",2025-01-17T13:18:59Z,2025-01-17T23:00:00Z,16.1,0.0,42.8,317.7,4.9,clearsky_day,0.0
"Buellton, CA",2025-01-17T13:18:59Z,2025-01-18T00:00:00Z,14.2,0.0,56.2,314.9,4.9,clearsky_day,0.0
"Buellton, CA",2025-01-17T13:18:59Z,2025-01-18T01:00:00Z,11.6,0.0,78.8,318.8,4.3,clearsky_night,0.0
"Buellton, CA",2025-01-17T13:18:59Z,2025-01-18T02:00:00Z,9.4,2.3,94.7,328.9,4.7,clearsky_night,0.0
"Buellton, CA",2025-01-17T13:18:59Z,2025-01-18T03:00:00Z,8.4,33.6,99.1,333.7,4.9,fair_night,0.0
"Buellton, CA",2025-01-17T13:18:59Z,2025-01-18T04:00:00Z,7.8,93.7,99.8,334.4,4.7,fog,0.0
"Buellton, CA",2025-01-17T13:18:59Z,2025-01-18T05:00:00Z,7.3,99.2,100.0,335.6,4.5,fog,0.0
"Buellton, CA",2025-01-17T13:18:59Z,2025-01-18T06:00:00Z,7.5,100.0,100.0,335.8,4.7,fog,0.0
"Buellton, CA",2025-01-17T13:18:59Z,2025-01-18T07:00:00Z,7.7,100.0,99.9,337.3,4.4,fog,0.0
"Buellton, CA",2025-01-17T13:18:59Z,2025-01-18T08:00:00Z,7.5,100.0,99.9,337.6,4.0,fog,0.0
"Buellton, CA",2025-01-17T13:18:59Z,2025-01-18T09:00:00Z,7.2,100.0,99.4,338.8,3.6,fog,0.0
"Buellton, CA",2025-01-17T13:18:59Z,2025-01-18T10:00:00Z,6.9,100.0,99.0,341.5,3.1,fog,0.0
"Buellton, CA",2025-01-17T13:18:59Z,2025-01-18T11:00:00Z,6.6,100.0,98.5,341.6,2.8,fog,0.0
"Buellton, CA",2025-01-17T13:18:59Z,2025-01-18T12:00:00Z,6.5,99.2,98.2,347.3,2.6,fog,0.0
"Buellton, CA",2025-01-17T13:18:59Z,2025-01-18T13:00:00Z,6.0,96.9,98.7,353.5,2.5,fog,0.0
"Buellton, CA",2025-01-17T13:18:59Z,2025-01-18T14:00:00Z,5.6,95.3,98.4,356.0,2.5,fog,0.0
"Buellton, CA",2025-01-17T13:18:59Z,2025-01-18T15:00:00Z,5.0,93.0,97.6,357.6,2.4,fog,0.0
"Buellton, CA",2025-01-17T13:18:59Z,2025-01-18T16:00:00Z,5.2,92.2,96.4,356.8,2.1,fog,0.0
"Buellton, CA",2025-01-17T13:18:59Z,2025-01-18T17:00:00Z,6.7,90.6,92.2,14.2,1.5,fog,0.0
"Buellton, CA",2025-01-17T13:18:59Z,2025-01-18T18:00:00Z,10.3,28.9,77.3,161.0,1.3,fair_day,0.0
"Buellton, CA",2025-01-17T13:18:59Z,2025-01-18T19:00:00Z,13.4,0.8,64.4,189.2,1.9,clearsky_day,0.0
"Buellton, CA",2025-01-17T13:18:59Z,2025-01-18T20:00:00Z,15.2,0.8,59.5,206.4,2.1,clearsky_day,0.0
"Buellton, CA",2025-01-17T13:18:59Z,2025-01-18T21:00:00Z,16.1,0.8,56.6,223.2,2.1,clearsky_day,0.0
"Buellton, CA",2025-01-17T13:18:59Z,2025-01-18T22:00:00Z,16.2,0.0,56.4,240.7,2.8,clearsky_day,0.0
"Buellton, CA",2025-01-17T13:18:59Z,2025-01-18T23:00:00Z,15.8,0.0,55.6,269.8,3.4,clearsky_day,0.0
"Buellton, CA",2025-01-17T13:18:59Z,2025-01-19T00:00:00Z,14.8,0.0,55.2,300.4,3.6,clearsky_day,0.0
"Buellton, CA",2025-01-17T13:18:59Z,2025-01-19T01:00:00Z,12.1,0.0,66.0,315.4,2.9,clearsky_night,0.0
"Buellton, CA",2025-01-17T13:18:59Z,2025-01-19T02:00:00Z,9.1,0.0,83.2,334.2,2.9,clearsky_night,0.0
"Buellton, CA",2025-01-17T13:18:59Z,2025-01-19T03:00:00Z,7.6,0.0,93.9,350.6,3.0,clearsky_night,0.0
"Buellton, CA",2025-01-17T13:18:59Z,2025-01-19T04:00:00Z,6.8,4.7,99.0,353.2,2.9,clearsky_night,0.0
"Buellton, CA",2025-01-17T13:18:59Z,2025-01-19T05:00:00Z,6.2,89.1,99.7,353.8,2.7,fog,0.0
"Buellton, CA",2025-01-17T13:18:59Z,2025-01-19T06:00:00Z,6.2,90.6,99.5,351.0,2.8,fog,0.0
"Buellton, CA",2025-01-17T13:18:59Z,2025-01-19T07:00:00Z,6.2,97.7,99.6,358.3,3.0,fog,0.0
"Buellton, CA",2025-01-17T13:18:59Z,2025-01-19T08:00:00Z,5.8,96.9,99.0,358.0,3.2,fog,0.0
"Buellton, CA",2025-01-17T13:18:59Z,2025-01-19T09:00:00Z,5.2,88.3,97.8,358.6,3.0,fog,0.0
"Buellton, CA",2025-01-17T13:18:59Z,2025-01-19T10:00:00Z,4.9,85.2,96.7,348.4,2.8,fog,0.0
"Buellton, CA",2025-01-17T13:18:59Z,2025-01-19T11:00:00Z,4.5,83.6,95.5,351.9,3.1,fog,0.0
"Buellton, CA",2025-01-17T13:18:59Z,2025-01-19T12:00:00Z,3.9,83.6,95.2,355.1,3.2,fog,0.0
"Buellton, CA",2025-01-17T13:18:59Z,2025-01-19T13:00:00Z,3.4,84.4,94.8,350.2,3.3,fog,0.0
"Buellton, CA",2025-01-17T13:18:59Z,2025-01-19T14:00:00Z,3.2,66.4,94.2,357.7,3.1,fog,0.0
"Buellton, CA",2025-01-17T13:18:59Z,2025-01-19T15:00:00Z,2.8,72.7,93.0,356.4,2.9,fog,0.0
"Buellton, CA",2025-01-17T13:18:59Z,2025-01-19T16:00:00Z,4.1,75.0,92.2,350.3,3.4,fog,0.0
"Buellton, CA",2025-01-17T13:18:59Z,2025-01-19T17:00:00Z,7.3,78.9,86.8,342.6,3.3,fog,0.0
"Buellton, CA",2025-01-17T13:18:59Z,2025-01-19T18:00:00Z,10.4,5.5,74.9,335.3,3.1,clearsky_day,0.0
"Buellton, CA",2025-01-17T13:18:59Z,2025-01-19T19:00:00Z,13.2,2.3,58.9,330.5,3.5,clearsky_day,0.0
"Buellton, CA",2025-01-17T13:18:59Z,2025-01-19T20:00:00Z,14.9,0.8,50.8,326.1,4.6,clearsky_day,0.0
"Buellton, CA",2025-01-17T13:18:59Z,2025-01-19T21:00:00Z,16.1,0.0,46.1,319.0,5.4,clearsky_day,0.0
"Buellton, CA",2025-01-17T13:18:59Z,2025-01-19T22:00:00Z,16.1,0.0,49.3,315.7,5.8,clearsky_day,0.0
"Buellton, CA",2025-01-17T13:18:59Z,2025-01-19T23:00:00Z,15.1,0.0,59.1,312.9,6.2,clearsky_day,0.0
"Buellton, CA",2025-01-17T13:18:59Z,2025-01-20T00:00:00Z,13.2,0.0,70.3,313.3,6.3,clearsky_day,0.0
"Buellton, CA",2025-01-17T13:18:59Z,2025-01-20T01:00:00Z,10.8,1.6,85.0,320.3,6.4,clearsky_night,0.0
"Buellton, CA",2025-01-17T13:18:59Z,2025-01-20T02:00:00Z,9.0,7.8,94.8,326.7,6.3,clearsky_night,0.0
"Buellton, CA",2025-01-17T13:18:59Z,2025-01-20T03:00:00Z,8.2,24.2,97.2,331.3,6.2,fair_night,0.0
"Buellton, CA",2025-01-17T13:18:59Z,2025-01-20T04:00:00Z,7.7,49.2,98.5,336.0,6.0,partlycloudy_night,0.0
"Buellton, CA",2025-01-17T13:18:59Z,2025-01-20T05:00:00Z,7.3,96.9,99.6,338.2,5.8,fog,0.0
"Grand Lake, CO",2025-01-17T13:18:57Z,2025-01-17T15:00:00Z,-12.4,63.3,60.5,273.9,4.2,partlycloudy_day,0.0
"Grand Lake, CO",2025-01-17T13:18:57Z,2025-01-17T16:00:00Z,-8.8,28.9,51.6,249.3,4.7,fair_day,0.0
"Grand Lake, CO",2025-01-17T13:18:57Z,2025-01-17T17:00:00Z,-5.6,21.9,41.6,229.0,5.4,fair_day,0.0
"Grand Lake, CO",2025-01-17T13:18:57Z,2025-01-17T18:00:00Z,-4.3,70.3,41.4,220.1,6.3,partlycloudy_day,0.0
"Grand Lake, CO",2025-01-17T13:18:57Z,2025-01-17T19:00:00Z,-3.0,70.3,44.2,247.1,7.8,partlycloudy_day,0.0
"Grand Lake, CO",2025-01-17T13:18:57Z,2025-01-17T20:00:00Z,-2.2,44.5,52.5,261.8,7.3,partlycloudy_day,0.0
"Grand Lake, CO",2025-01-17T13:18:57Z,2025-01-17T21:00:00Z,-2.4,52.3,52.8,263.6,7.2,partlycloudy_day,0.0
"Grand Lake, CO",2025-01-17T13:18:57Z,2025-01-17T22:00:00Z,-3.0,97.7,56.6,266.8,6.2,cloudy,0.0
"Grand Lake, CO",2025-01-17T13:18:57Z,2025-01-17T23:00:00Z,-4.6,100.0,68.4,268.3,5.2,cloudy,0.0
"Grand Lake, CO",2025-01-17T13:18:57Z,2025-01-18T00:00:00Z,-5.7,100.0,80.1,251.1,3.1,lightsnow,0.2
"Grand Lake, CO",2025-01-17T13:18:57Z,2025-01-18T01:00:00Z,-6.3,100.0,87.3,263.7,2.1,snow,0.4
"Grand Lake, CO",2025-01-17T13:18:57Z,2025-01-18T02:00:00Z,-6.7,100.0,90.7,235.8,2.4,snow,0.8
"Grand Lake, CO",2025-01-17T13:18:57Z,2025-01-18T03:00:00Z,-7.1,100.0,89.6,233.2,2.9,heavysnow,1.2
"Grand Lake, CO",2025-01-17T13:18:57Z,2025-01-18T04:00:00Z,-8.1,100.0,83.6,224.6,3.2,snow,0.8
"Grand Lake, CO",2025-01-17T13:18:57Z,2025-01-18T05:00:00Z,-8.9,100.0,90.5,220.0,3.1,snow,0.5
"Grand Lake, CO",2025-01-17T13:18:57Z,2025-01-18T06:00:00Z,-9.4,100.0,90.0,181.8,2.9,snow,0.6
"Grand Lake, CO",2025-01-17T13:18:57Z,2025-01-18T07:00:00Z,-10.1,100.0,88.2,242.6,2.9,lightsnow,0.2
"Grand Lake, CO",2025-01-17T13:18:57Z,2025-01-18T08:00:00Z,-11.7,97.7,89.3,1.7,2.1,cloudy,0.0
"Grand Lake, CO",2025-01-17T13:18:57Z,2025-01-18T09:00:00Z,-13.4,90.6,89.2,352.2,1.6,fog,0.0
"Grand Lake, CO",2025-01-17T13:18:57Z,2025-01-18T10:00:00Z,-13.9,99.2,86.8,274.3,1.9,fog,0.0
"Grand Lake, CO",2025-01-17T13:18:57Z,2025-01-18T11:00:00Z,-14.5,100.0,85.3,255.6,2.3,fog,0.0
"Grand Lake, CO",2025-01-17T13:18:57Z,2025-01-18T12:00:00Z,-15.4,100.0,85.3,263.2,2.7,fog,0.0
"Grand Lake, CO",2025-01-17T13:18:57Z,2025-01-18T13:00:00Z,-16.0,100.0,85.0,275.5,2.2,lightsnow,0.1
"Grand Lake, CO",2025-01-17T13:18:57Z,2025-01-18T14:00:00Z,-16.8,100.0,85.0,293.2,1.9,lightsnow,0.1
"Grand Lake, CO",2025-01-17T13:18:57Z,2025-01-18T15:00:00Z,-16.6,100.0,84.3,265.9,1.9,fog,0.0
"Grand Lake, CO",2025-01-17T13:18:57Z,2025-01-18T16:00:00Z,-15.5,100.0,76.8,254.0,2.3,fog,0.0
"Grand Lake, CO",2025-01-17T13:18:57Z,2025-01-18T17:00:00Z,-15.0,100.0,64.0,274.4,2.7,cloudy,0.0
"Grand Lake, CO",2025-01-17T13:18:57Z,2025-01-18T18:00:00Z,-15.0,100.0,59.5,289.8,3.7,cloudy,0.0
"Grand Lake, CO",2025-01-17T13:18:57Z,2025-01-18T19:00:00Z,-15.0,99.2,55.3,300.2,4.2,cloudy,0.0
"Grand Lake, CO",2025-01-17T13:18:57Z,2025-01-18T20:00:00Z,-15.2,99.2,55.2,302.6,4.6,cloudy,0.0
"Grand Lake, CO",2025-01-17T13:18:57Z,2025-01-18T21:00:00Z,-15.4,95.3,54.4,307.3,4.9,cloudy,0.0
"Grand Lake, CO",2025-01-17T13:18:57Z,2025-01-18T22:00:00Z,-16.0,98.4,57.5,303.9,4.3,cloudy,0.0
"Grand Lake, CO",2025-01-17T13:18:57Z,2025-01-18T23:00:00Z,-17.0,98.4,62.8,300.0,3.6,cloudy,0.0
"Grand Lake, CO",2025-01-17T13:18:57Z,2025-01-19T00:00:00Z,-19.2,87.5,74.4,282.8,1.9,cloudy,0.0
"Grand Lake, CO",2025-01-17T13:18:57Z,2025-01-19T01:00:00Z,-21.4,97.7,81.9,283.8,1.6,cloudy,0.0
"Grand Lake, CO",2025-01-17T13:18:57Z,2025-01-19T02:00:00Z,-22.6,100.0,80.9,301.8,1.8,fog,0.0
"Grand Lake, CO",2025-01-17T13:18:57Z,2025-01-19T03:00:00Z,-23.5,100.0,75.4,314.2,1.9,fog,0.0
"Grand Lake, CO",2025-01-17T13:18:57Z,2025-01-19T04:00:00Z,-24.2,100.0,72.2,309.5,2.3,fog,0.0
"Grand Lake, CO",2025-01-17T13:18:57Z,2025-01-19T05:00:00Z,-24.8,97.7,72.6,306.3,2.6,fog,0.0
"Grand Lake, CO",2025-01-17T13:18:57Z,2025-01-19T06:00:00Z,-25.2,98.4,79.3,284.1,2.9,fog,0.0
"Grand Lake, CO",2025-01-17T13:18:57Z,2025-01-19T07:00:00Z,-24.7,94.5,78.9,280.2,3.6,fog,0.0
"Grand Lake, CO",2025-01-17T13:18:57Z,2025-01-19T08:00:00Z,-24.0,85.9,76.2,277.4,4.7,fog,0.0
"Grand Lake, CO",2025-01-17T13:18:57Z,2025-01-19T09:00:00Z,-23.9,96.9,77.6,279.7,5.6,fog,0.0
"Grand Lake, CO",2025-01-17T13:18:57Z,2025-01-19T10:00:00Z,-23.9,91.4,78.7,278.1,6.2,fog,0.0
"Grand Lake, CO",2025-01-17T13:18:57Z,2025-01-19T11:00:00Z,-24.1,90.6,78.2,276.7,6.4,fog,0.0
"Grand Lake, CO",2025-01-17T13:18:57Z,2025-01-19T12:00:00Z,-24.7,86.7,79.7,275.5,5.9,fog,0.0
"Grand Lake, CO",2025-01-17T13:18:57Z,2025-01-19T13:00:00Z,-25.3,86.7,80.8,275.5,5.5,fog,0.0
"Grand Lake, CO",2025-01-17T13:18:57Z,2025-01-19T14:00:00Z,-25.6,82.8,81.6,270.9,5.1,fog,0.0
"Grand Lake, CO",2025-01-17T13:18:57Z,2025-01-19T15:00:00Z,-25.2,91.4,80.9,262.8,5.2,fog,0.0
"Grand Lake, CO",2025-01-17T13:18:57Z,2025-01-19T16:00:00Z,-21.4,91.4,72.0,251.0,5.3,fog,0.0
"Grand Lake, CO",2025-01-17T13:18:57Z,2025-01-19T17:00:00Z,-18.7,71.1,60.6,239.1,5.4,partlycloudy_day,0.0
"Grand Lake, CO",2025-01-17T13:18:57Z,2025-01-19T18:00:00Z,-16.9,86.7,54.3,234.7,5.4,cloudy,0.0
"Grand Lake, CO",2025-01-17T13:18:57Z,2025-01-19T19:00:00Z,-15.3,86.7,48.9,249.4,7.2,cloudy,0.0
"Grand Lake, CO",2025-01-17T13:18:57Z,2025-01-19T20:00:00Z,-13.8,96.1,42.4,249.6,7.3,cloudy,0.0
"Grand Lake, CO",2025-01-17T13:18:57Z,2025-01-19T21:00:00Z,-13.6,98.4,45.2,253.7,7.0,cloudy,0.0
"Grand Lake, CO",2025-01-17T13:18:57Z,2025-01-19T22:00:00Z,-13.8,98.4,48.4,253.5,6.5,cloudy,0.0
"Grand Lake, CO",2025-01-17T13:18:57Z,2025-01-19T23:00:00Z,-14.5,99.2,54.4,247.5,5.8,cloudy,0.0
"Grand Lake, CO",2025-01-17T13:18:57Z,2025-01-20T00:00:00Z,-16.0,98.4,70.2,243.9,4.3,cloudy,0.0
"Grand Lake, CO",2025-01-17T13:18:57Z,2025-01-20T01:00:00Z,-17.4,99.2,75.2,262.1,3.1,cloudy,0.0
"Grand Lake, CO",2025-01-17T13:18:57Z,2025-01-20T02:00:00Z,-17.9,100.0,74.9,290.7,2.5,lightsnow,0.2
"Grand Lake, CO",2025-01-17T13:18:57Z,2025-01-20T03:00:00Z,-17.9,100.0,77.2,302.3,2.0,lightsnow,0.2
"Grand Lake, CO",2025-01-17T13:18:57Z,2025-01-20T04:00:00Z,-17.6,100.0,79.3,303.1,1.6,lightsnow,0.2
"Grand Lake, CO",2025-01-17T13:18:57Z,2025-01-20T05:00:00Z,-17.8,100.0,80.8,308.9,1.2,lightsnow,0.2
"Kilauea, HI",2025-01-17T13:18:57Z,2025-01-17T15:00:00Z,12.9,49.2,91.3,359.6,2.1,partlycloudy_night,0.0
"Kilauea, HI",2025-01-17T13:18:57Z,2025-01-17T16:00:00Z,12.8,46.1,91.1,353.5,2.1,partlycloudy_night,0.0
"Kilauea, HI",2025-01-17T13:18:57Z,2025-01-17T17:00:00Z,12.9,59.4,89.0,2.5,2.0,partlycloudy_day,0.0
"Kilauea, HI",2025-01-17T13:18:57Z,2025-01-17T18:00:00Z,14.0,65.6,87.4,8.2,1.8,partlycloudy_day,0.0
"Kilauea, HI",2025-01-17T13:18:57Z,2025-01-17T19:00:00Z,15.4,69.5,69.7,73.5,1.4,partlycloudy_day,0.0
"Kilauea, HI",2025-01-17T13:18:57Z,2025-01-17T20:00:00Z,16.3,46.1,73.2,195.5,1.8,partlycloudy_day,0.0
"Kilauea, HI",2025-01-17T13:18:57Z,2025-01-17T21:00:00Z,17.1,41.4,73.6,213.5,2.6,partlycloudy_day,0.0
"Kilauea, HI",2025-01-17T13:18:57Z,2025-01-17T22:00:00Z,17.5,35.2,72.2,213.8,3.1,fair_day,0.0
"Kilauea, HI",2025-01-17T13:18:57Z,2025-01-17T23:00:00Z,17.9,49.2,70.3,211.0,3.6,partlycloudy_day,0.0
"Kilauea, HI",2025-01-17T13:18:57Z,2025-01-18T00:00:00Z,17.9,38.3,65.6,214.2,3.5,partlycloudy_day,0.0
"Kilauea, HI",2025-01-17T13:18:57Z,2025-01-18T01:00:00Z,18.2,21.9,60.2,215.3,2.9,fair_day,0.0
"Kilauea, HI",2025-01-17T13:18:57Z,2025-01-18T02:00:00Z,17.9,21.9,59.9,212.9,3.0,fair_day,0.0
"Kilauea, HI",2025-01-17T13:18:57Z,2025-01-18T03:00:00Z,16.8,10.9,64.9,222.0,2.4,clearsky_day,0.0
"Kilauea, HI",2025-01-17T13:18:57Z,2025-01-18T04:00:00Z,15.6,18.7,74.0,213.1,1.8,fair_night,0.0
"Kilauea, HI",2025-01-17T13:18:57Z,2025-01-18T05:00:00Z,14.8,17.2,78.6,5.4,2.2,fair_night,0.0
"Kilauea, HI",2025-01-17T13:18:57Z,2025-01-18T06:00:00Z,14.2,27.3,80.7,348.7,2.5,fair_night,0.0
"Kilauea, HI",2025-01-17T13:18:57Z,2025-01-18T07:00:00Z,13.9,30.5,79.9,350.0,2.2,fair_night,0.0
"Kilauea, HI",2025-01-17T13:18:57Z,2025-01-18T08:00:00Z,13.6,25.8,80.0,352.8,1.7,fair_night,0.0
"Kilauea, HI",2025-01-17T13:18:57Z,2025-01-18T09:00:00Z,13.2,24.2,81.9,8.1,2.1,fair_night,0.0
"Kilauea, HI",2025-01-17T13:18:57Z,2025-01-18T10:00:00Z,13.0,26.6,85.9,6.5,2.6,fair_night,0.0
"Kilauea, HI",2025-01-17T13:18:57Z,2025-01-18T11:00:00Z,12.8,24.2,88.3,5.0,2.5,fair_night,0.0
"Kilauea, HI",2025-01-17T13:18:57Z,2025-01-18T12:00:00Z,12.7,26.6,87.5,6.1,2.4,fair_night,0.0
"Kilauea, HI",2025-01-17T13:18:57Z,2025-01-18T13:00:00Z,12.8,25.0,85.3,13.3,2.1,fair_night,0.0
"Kilauea, HI",2025-01-17T13:18:57Z,2025-01-18T14:00:00Z,12.7,28.1,86.1,21.4,1.8,fair_night,0.0
"Kilauea, HI",2025-01-17T13:18:57Z,2025-01-18T15:00:00Z,12.4,38.3,88.3,5.5,2.3,partlycloudy_night,0.0
"Kilauea, HI",2025-01-17T13:18:57Z,2025-01-18T16:00:00Z,12.4,49.2,88.1,10.7,2.8,partlycloudy_night,0.0
"Kilauea, HI",2025-01-17T13:18:57Z,2025-01-18T17:00:00Z,12.7,84.4,88.8,5.5,3.3,partlycloudy_day,0.0
"Kilauea, HI",2025-01-17T13:18:57Z,2025-01-18T18:00:00Z,14.8,90.6,83.6,8.7,3.7,cloudy,0.0
"Kilauea, HI",2025-01-17T13:18:57Z,2025-01-18T19:00:00Z,16.5,46.1,78.8,38.6,4.0,partlycloudy_day,0.0
"Kilauea, HI",2025-01-17T13:18:57Z,2025-01-18T20:00:00Z,17.4,32.0,75.1,69.7,4.0,fair_day,0.0
"Kilauea, HI",2025-01-17T13:18:57Z,2025-01-18T21:00:00Z,18.7,48.4,66.4,66.1,4.3,partlycloudy_day,0.0
"Kilauea, HI",2025-01-17T13:18:57Z,2025-01-18T22:00:00Z,18.9,59.4,63.4,68.6,4.3,partlycloudy_day,0.0
"Kilauea, HI",2025-01-17T13:18:57Z,2025-01-18T23:00:00Z,19.2,40.6,58.7,49.0,4.1,partlycloudy_day,0.0
"Kilauea, HI",2025-01-17T13:18:57Z,2025-01-19T00:00:00Z,19.1,25.8,54.4,52.8,3.9,fair_day,0.0
"Kilauea, HI",2025-01-17T13:18:57Z,2025-01-19T01:00:00Z,18.9,17.2,50.2,15.5,4.3,fair_day,0.0
"Kilauea, HI",2025-01-17T13:18:57Z,2025-01-19T02:00:00Z,18.1,42.2,53.6,9.4,4.9,partlycloudy_day,0.0
"Kilauea, HI",2025-01-17T13:18:57Z,2025-01-19T03:00:00Z,16.9,53.9,63.2,5.3,4.7,partlycloudy_day,0.0
"Kilauea, HI",2025-01-17T13:18:57Z,2025-01-19T04:00:00Z,15.5,50.0,77.8,9.5,4.4,partlycloudy_night,0.0
"Kilauea, HI",2025-01-17T13:18:57Z,2025-01-19T05:00:00Z,14.7,44.5,84.1,6.2,4.5,partlycloudy_night,0.0
"Kilauea, HI",2025-01-17T13:18:57Z,2025-01-19T06:00:00Z,14.4,30.5,81.2,10.3,5.0,fair_night,0.0
"Kilauea, HI",2025-01-17T13:18:57Z,2025-01-19T07:00:00Z,14.0,13.3,75.9,6.6,5.4,fair_night,0.0
"Kilauea, HI",2025-01-17T13:18:57Z,2025-01-19T08:00:00Z,13.5,10.9,73.8,3.0,5.3,clearsky_night,0.0
"Kilauea, HI",2025-01-17T13:18:57Z,2025-01-19T09:00:00Z,13.0,18.0,72.7,358.8,5.3,fair_night,0.0
"Kilauea, HI",2025-01-17T13:18:57Z,2025-01-19T10:00:00Z,12.8,28.9,73.1,357.8,5.3,fog,0.0
"Kilauea, HI",2025-01-17T13:18:57Z,2025-01-19T11:00:00Z,12.5,25.0,73.3,359.8,5.4,fair_night,0.0
"Kilauea, HI",2025-01-17T13:18:57Z,2025-01-19T12:00:00Z,12.3,21.1,72.5,0.8,5.4,fair_night,0.0
"Kilauea, HI",2025-01-17T13:18:57Z,2025-01-19T13:00:00Z,12.1,19.5,71.8,356.8,5.2,fair_night,0.0
"Kilauea, HI",2025-01-17T13:18:57Z,2025-01-19T14:00:00Z,12.0,12.5,70.1,355.7,5.1,clearsky_night,0.0
"Kilauea, HI",2025-01-17T13:18:57Z,2025-01-19T15:00:00Z,11.6,9.4,71.4,354.8,5.4,clearsky_night,0.0
"Kilauea, HI",2025-01-17T13:18:57Z,2025-01-19T16:00:00Z,11.7,6.2,69.1,352.8,5.6,clearsky_night,0.0
"Kilauea, HI",2025-01-17T13:18:57Z,2025-01-19T17:00:00Z,11.6,4.7,66.6,355.9,6.1,clearsky_day,0.0
"Kilauea, HI",2025-01-17T13:18:57Z,2025-01-19T18:00:00Z,13.7,2.3,64.1,353.2,6.1,clearsky_day,0.0
"Kilauea, HI",2025-01-17T13:18:57Z,2025-01-19T19:00:00Z,16.7,0.0,52.8,354.8,5.1,clearsky_day,0.0
"Kilauea, HI",2025-01-17T13:18:57Z,2025-01-19T20:00:00Z,18.4,0.0,40.0,23.0,5.1,clearsky_day,0.0
"Kilauea, HI",2025-01-17T13:18:57Z,2025-01-19T21:00:00Z,19.2,4.7,38.2,20.2,5.5,clearsky_day,0.0
"Kilauea, HI",2025-01-17T13:18:57Z,2025-01-19T22:00:00Z,19.3,8.6,47.2,5.4,5.6,clearsky_day,0.0
"Kilauea, HI",2025-01-17T13:18:57Z,2025-01-19T23:00:00Z,19.4,18.7,53.1,2.6,5.8,fair_day,0.0
"Kilauea, HI",2025-01-17T13:18:57Z,2025-01-20T00:00:00Z,19.1,23.4,55.4,352.1,5.7,fair_day,0.0
"Kilauea, HI",2025-01-17T13:18:57Z,2025-01-20T01:00:00Z,18.5,21.1,60.3,349.3,5.7,fair_day,0.0
"Kilauea, HI",2025-01-17T13:18:57Z,2025-01-20T02:00:00Z,17.7,42.2,66.8,355.6,6.3,partlycloudy_day,0.0
"Kilauea, HI",2025-01-17T13:18:57Z,2025-01-20T03:00:00Z,16.3,59.4,73.9,356.6,6.4,partlycloudy_day,0.0
"Kilauea, HI",2025-01-17T13:18:57Z,2025-01-20T04:00:00Z,15.3,83.6,79.8,357.4,5.6,partlycloudy_night,0.0
"Kilauea, HI",2025-01-17T13:18:57Z,2025-01-20T05:00:00Z,14.7,36.7,82.8,11.9,5.3,fair_night,0.0
"Honolulu, HI",2025-01-17T13:18:57Z,2025-01-17T15:00:00Z,21.1,17.2,82.0,304.9,6.0,fair_night,0.0
"Honolulu, HI",2025-01-17T13:18:57Z,2025-01-17T16:00:00Z,21.2,21.1,81.4,306.1,5.8,fair_night,0.0
"Honolulu, HI",2025-01-17T13:18:57Z,2025-01-17T17:00:00Z,20.8,35.9,84.3,319.5,5.7,fair_day,0.0
"Honolulu, HI",2025-01-17T13:18:57Z,2025-01-17T18:00:00Z,21.1,18.7,83.0,308.4,6.1,fair_day,0.0
"Honolulu, HI",2025-01-17T13:18:57Z,2025-01-17T19:00:00Z,22.9,32.0,73.3,296.1,5.5,fair_day,0.0
"Honolulu, HI",2025-01-17T13:18:57Z,2025-01-17T20:00:00Z,23.8,35.2,67.6,308.1,3.5,fair_day,0.0
"Honolulu, HI",2025-01-17T13:18:57Z,2025-01-17T21:00:00Z,24.5,41.4,63.8,217.4,2.1,partlycloudy_day,0.0
"Honolulu, HI",2025-01-17T13:18:57Z,2025-01-17T22:00:00Z,25.2,62.5,63.5,163.8,3.0,rainshowers_day,0.3
"Honolulu, HI",2025-01-17T13:18:57Z,2025-01-17T23:00:00Z,25.0,60.2,66.8,171.9,3.4,rainshowers_day,0.4
"Honolulu, HI",2025-01-17T13:18:57Z,2025-01-18T00:00:00Z,24.5,64.1,67.6,169.3,2.9,lightrainshowers_day,0.1
"Honolulu, HI",2025-01-17T13:18:57Z,2025-01-18T01:00:00Z,24.1,52.3,67.7,156.2,3.2,partlycloudy_day,0.0
"Honolulu, HI",2025-01-17T13:18:57Z,2025-01-18T02:00:00Z,23.4,35.9,68.7,118.4,4.0,fair_day,0.0
"Honolulu, HI",2025-01-17T13:18:57Z,2025-01-18T03:00:00Z,23.4,43.0,68.3,45.3,4.4,partlycloudy_day,0.0
"Honolulu, HI",2025-01-17T13:18:57Z,2025-01-18T04:00:00Z,22.8,28.1,71.8,37.2,4.5,fair_night,0.0
"Honolulu, HI",2025-01-17T13:18:57Z,2025-01-18T05:00:00Z,22.0,27.3,74.8,36.5,5.9,fair_night,0.0
"Honolulu, HI",2025-01-17T13:18:57Z,2025-01-18T06:00:00Z,21.9,18.0,74.5,26.9,6.0,fair_night,0.0
"Honolulu, HI",2025-01-17T13:18:57Z,2025-01-18T07:00:00Z,21.7,17.2,75.3,26.8,6.3,fair_night,0.0
"Honolulu, HI",2025-01-17T13:18:57Z,2025-01-18T08:00:00Z,21.6,8.6,74.6,24.0,6.4,clearsky_night,0.0
"Honolulu, HI",2025-01-17T13:18:57Z,2025-01-18T09:00:00Z,21.1,0.0,75.6,26.2,6.1,clearsky_night,0.0
"Honolulu, HI",2025-01-17T13:18:57Z,2025-01-18T10:00:00Z,20.7,0.8,76.7,23.7,6.1,clearsky_night,0.0
"Honolulu, HI",2025-01-17T13:18:57Z,2025-01-18T11:00:00Z,20.5,2.3,77.7,22.0,6.1,clearsky_night,0.0
"Honolulu, HI",2025-01-17T13:18:57Z,2025-01-18T12:00:00Z,20.3,8.6,77.9,25.8,6.5,clearsky_night,0.0
"Honolulu, HI",2025-01-17T13:18:57Z,2025-01-18T13:00:00Z,20.2,11.7,78.4,26.0,6.5,clearsky_night,0.0
"Honolulu, HI",2025-01-17T13:18:57Z,2025-01-18T14:00:00Z,20.3,10.2,78.3,32.6,6.4,clearsky_night,0.0
"Honolulu, HI",2025-01-17T13:18:57Z,2025-01-18T15:00:00Z,20.6,13.3,74.5,40.5,6.7,fair_night,0.0
"Honolulu, HI",2025-01-17T13:18:57Z,2025-01-18T16:00:00Z,20.7,7.0,72.5,44.0,7.3,clearsky_night,0.0
"Honolulu, HI",2025-01-17T13:18:57Z,2025-01-18T17:00:00Z,20.6,4.7,72.8,42.7,7.4,clearsky_day,0.0
"Honolulu, HI",2025-01-17T13:18:57Z,2025-01-18T18:00:00Z,21.3,2.3,69.0,41.2,7.3,clearsky_day,0.0
"Honolulu, HI",2025-01-17T13:18:57Z,2025-01-18T19:00:00Z,23.3,2.3,57.3,55.3,7.8,clearsky_day,0.0
"Honolulu, HI",2025-01-17T13:18:57Z,2025-01-18T20:00:00Z,24.2,4.7,54.4,58.4,8.1,clearsky_day,0.0
"Honolulu, HI",2025-01-17T13:18:57Z,2025-01-18T21:00:00Z,24.6,10.2,52.9,58.8,8.5,clearsky_day,0.0
"Honolulu, HI",2025-01-17T13:18:57Z,2025-01-18T22:00:00Z,24.9,1.6,51.8,59.3,8.1,clearsky_day,0.0
"Honolulu, HI",2025-01-17T13:18:57Z,2025-01-18T23:00:00Z,25.3,7.8,49.6,54.6,7.6,clearsky_day,0.0
"Honolulu, HI",2025-01-17T13:18:57Z,2025-01-19T00:00:00Z,25.4,5.5,48.4,53.7,8.0,clearsky_day,0.0
"Honolulu, HI",2025-01-17T13:18:57Z,2025-01-19T01:00:00Z,25.1,5.5,49.3,53.3,8.7,clearsky_day,0.0
"Honolulu, HI",2025-01-17T13:18:57Z,2025-01-19T02:00:00Z,24.7,9.4,50.4,50.4,8.5,clearsky_day,0.0
"Honolulu, HI",2025-01-17T13:18:57Z,2025-01-19T03:00:00Z,24.0,14.1,53.4,48.4,8.7,fair_day,0.0
"Honolulu, HI",2025-01-17T13:18:57Z,2025-01-19T04:00:00Z,23.3,2.3,56.6,49.0,8.9,clearsky_night,0.0
"Honolulu, HI",2025-01-17T13:18:57Z,2025-01-19T05:00:00Z,22.6,2.3,59.8,48.2,8.8,clearsky_night,0.0
"Honolulu, HI",2025-01-17T13:18:57Z,2025-01-19T06:00:00Z,22.4,1.6,61.1,44.3,8.9,clearsky_night,0.0
"Honolulu, HI",2025-01-17T13:18:57Z,2025-01-19T07:00:00Z,22.2,2.3,61.3,46.4,8.9,clearsky_night,0.0
"Honolulu, HI",2025-01-17T13:18:57Z,2025-01-19T08:00:00Z,22.0,1.6,62.6,44.8,8.6,clearsky_night,0.0
"Honolulu, HI",2025-01-17T13:18:57Z,2025-01-19T09:00:00Z,21.8,2.3,63.6,46.7,8.5,clearsky_night,0.0
"Honolulu, HI",2025-01-17T13:18:57Z,2025-01-19T10:00:00Z,21.6,1.6,65.0,46.7,8.9,clearsky_night,0.0
"Honolulu, HI",2025-01-17T13:18:57Z,2025-01-19T11:00:00Z,21.5,3.9,64.8,42.7,9.1,clearsky_night,0.0
"Honolulu, HI",2025-01-17T13:18:57Z,2025-01-19T12:00:00Z,21.6,5.5,63.9,49.9,9.5,clearsky_night,0.0
"Honolulu, HI",2025-01-17T13:18:57Z,2025-01-19T13:00:00Z,21.6,1.6,63.6,53.4,8.8,clearsky_night,0.0
"Honolulu, HI",2025-01-17T13:18:57Z,2025-01-19T14:00:00Z,21.3,0.8,64.0,35.9,8.2,clearsky_night,0.0
"Honolulu, HI",2025-01-17T13:18:57Z,2025-01-19T15:00:00Z,21.6,10.9,61.6,40.8,9.2,clearsky_night,0.0
"Honolulu, HI",2025-01-17T13:18:57Z,2025-01-19T16:00:00Z,22.2,12.5,57.6,54.7,10.0,clearsky_night,0.0
"Honolulu, HI",2025-01-17T13:18:57Z,2025-01-19T17:00:00Z,22.0,1.6,59.5,55.5,9.6,clearsky_day,0.0
"Honolulu, HI",2025-01-17T13:18:57Z,2025-01-19T18:00:00Z,22.3,3.1,58.4,55.7,9.0,clearsky_day,0.0
"Honolulu, HI",2025-01-17T13:18:57Z,2025-01-19T19:00:00Z,23.7,17.2,52.6,61.8,9.4,fair_day,0.0
"Honolulu, HI",2025-01-17T13:18:57Z,2025-01-19T20:00:00Z,24.2,10.2,50.5,61.2,9.2,clearsky_day,0.0
"Honolulu, HI",2025-01-17T13:18:57Z,2025-01-19T21:00:00Z,24.5,14.1,50.2,57.9,9.6,fair_day,0.0
"Honolulu, HI",2025-01-17T13:18:57Z,2025-01-19T22:00:00Z,24.8,15.6,49.5,56.3,8.7,fair_day,0.0
"Honolulu, HI",2025-01-17T13:18:57Z,2025-01-19T23:00:00Z,25.0,16.4,48.5,52.4,8.7,fair_day,0.0
"Honolulu, HI",2025-01-17T13:18:57Z,2025-01-20T00:00:00Z,24.9,24.2,49.1,52.4,9.1,fair_day,0.0
"Honolulu, HI",2025-01-17T13:18:57Z,2025-01-20T01:00:00Z,24.6,28.9,49.4,54.6,9.3,fair_day,0.0
"Honolulu, HI",2025-01-17T13:18:57Z,2025-01-20T02:00:00Z,24.3,25.0,50.0,49.5,9.2,fair_day,0.0
"Honolulu, HI",2025-01-17T13:18:57Z,2025-01-20T03:00:00Z,23.8,45.3,51.9,49.3,9.5,partlycloudy_day,0.0
"Honolulu, HI",2025-01-17T13:18:57Z,2025-01-20T04:00:00Z,23.0,21.1,55.9,51.2,9.4,fair_night,0.0
"Honolulu, HI",2025-01-17T13:18:57Z,2025-01-20T05:00:00Z,22.5,10.9,58.6,53.0,9.4,clearsky_night,0.0
"Madison, NH",2025-01-17T13:19:19Z,2025-01-17T15:00:00Z,-6.7,0.0,65.9,303.4,0.2,clearsky_day,0.0
"Madison, NH",2025-01-17T13:19:19Z,2025-01-17T16:00:00Z,-4.4,0.0,60.9,143.0,0.7,clearsky_day,0.0
"Madison, NH",2025-01-17T13:19:19Z,2025-01-17T17:00:00Z,-3.4,2.3,60.8,167.7,1.1,clearsky_day,0.0
"Madison, NH",2025-01-17T13:19:19Z,2025-01-17T18:00:00Z,-2.6,24.2,57.0,191.7,1.4,fair_day,0.0
"Madison, NH",2025-01-17T13:19:19Z,2025-01-17T19:00:00Z,-1.8,80.5,54.1,198.7,2.4,partlycloudy_day,0.0
"Madison, NH",2025-01-17T13:19:19Z,2025-01-17T20:00:00Z,-1.2,56.2,54.9,216.6,2.9,partlycloudy_day,0.0
"Madison, NH",2025-01-17T13:19:19Z,2025-01-17T21:00:00Z,-2.7,18.0,63.7,202.6,2.4,fair_day,0.0
"Madison, NH",2025-01-17T13:19:19Z,2025-01-17T22:00:00Z,-4.3,11.7,73.6,231.5,3.1,clearsky_night,0.0
"Madison, NH",2025-01-17T13:19:19Z,2025-01-17T23:00:00Z,-5.5,3.9,78.5,247.5,2.4,clearsky_night,0.0
"Madison, NH",2025-01-17T13:19:19Z,2025-01-18T00:00:00Z,-8.2,5.5,79.7,256.7,1.8,clearsky_night,0.0
"Madison, NH",2025-01-17T13:19:19Z,2025-01-18T01:00:00Z,-9.0,41.4,80.9,266.6,1.8,partlycloudy_night,0.0
"Madison, NH",2025-01-17T13:19:19Z,2025-01-18T02:00:00Z,-9.7,87.5,82.5,255.5,1.5,partlycloudy_night,0.0
"Madison, NH",2025-01-17T13:19:19Z,2025-01-18T03:00:00Z,-9.7,99.2,82.6,233.2,1.6,partlycloudy_night,0.0
"Madison, NH",2025-01-17T13:19:19Z,2025-01-18T04:00:00Z,-10.3,98.4,84.9,235.0,1.6,cloudy,0.0
"Madison, NH",2025-01-17T13:19:19Z,2025-01-18T05:00:00Z,-9.2,90.6,84.2,225.0,1.9,cloudy,0.0
"Madison, NH",2025-01-17T13:19:19Z,2025-01-18T06:00:00Z,-10.4,99.2,88.0,224.9,1.8,cloudy,0.0
"Madison, NH",2025-01-17T13:19:19Z,2025-01-18T07:00:00Z,-9.3,88.3,87.3,212.7,2.4,cloudy,0.0
"Madison, NH",2025-01-17T13:19:19Z,2025-01-18T08:00:00Z,-8.6,100.0,86.5,209.8,2.5,cloudy,0.0
"Madison, NH",2025-01-17T13:19:19Z,2025-01-18T09:00:00Z,-7.5,98.4,87.2,198.9,2.7,cloudy,0.0
"Madison, NH",2025-01-17T13:19:19Z,2025-01-18T10:00:00Z,-7.5,93.7,86.7,200.1,3.2,cloudy,0.0
"Madison, NH",2025-01-17T13:19:19Z,2025-01-18T11:00:00Z,-7.2,97.7,86.9,194.3,3.4,cloudy,0.0
"Madison, NH",2025-01-17T13:19:19Z,2025-01-18T12:00:00Z,-6.7,89.1,87.7,193.0,3.6,cloudy,0.0
"Madison, NH",2025-01-17T13:19:19Z,2025-01-18T13:00:00Z,-5.8,99.2,87.8,196.0,3.8,cloudy,0.0
"Madison, NH",2025-01-17T13:19:19Z,2025-01-18T14:00:00Z,-3.3,100.0,80.7,200.4,3.6,cloudy,0.0
"Madison, NH",2025-01-17T13:19:19Z,2025-01-18T15:00:00Z,-0.9,100.0,75.1,197.4,3.4,partlycloudy_day,0.0
"Madison, NH",2025-01-17T13:19:19Z,2025-01-18T16:00:00Z,0.4,100.0,75.1,197.5,3.9,cloudy,0.0
"Madison, NH",2025-01-17T13:19:19Z,2025-01-18T17:00:00Z,1.3,100.0,72.9,184.2,3.3,cloudy,0.0
"Madison, NH",2025-01-17T13:19:19Z,2025-01-18T18:00:00Z,2.1,100.0,71.8,173.1,3.7,cloudy,0.0
"Madison, NH",2025-01-17T13:19:19Z,2025-01-18T19:00:00Z,3.0,100.0,70.9,181.3,3.9,cloudy,0.0
"Madison, NH",2025-01-17T13:19:19Z,2025-01-18T20:00:00Z,2.8,100.0,74.8,188.2,4.4,sleet,0.3
"Madison, NH",2025-01-17T13:19:19Z,2025-01-18T21:00:00Z,2.3,100.0,82.5,184.6,5.4,sleet,0.4
"Madison, NH",2025-01-17T13:19:19Z,2025-01-18T22:00:00Z,1.4,100.0,93.8,180.0,5.1,sleet,0.5
"Madison, NH",2025-01-17T13:19:19Z,2025-01-18T23:00:00Z,1.0,100.0,98.1,182.6,4.9,sleet,0.3
"Madison, NH",2025-01-17T13:19:19Z,2025-01-19T00:00:00Z,1.1,100.0,98.3,185.4,4.5,sleet,0.5
"Madison, NH",2025-01-17T13:19:19Z,2025-01-19T01:00:00Z,1.1,100.0,98.8,189.0,3.8,lightsleet,0.1
"Madison, NH",2025-01-17T13:19:19Z,2025-01-19T02:00:00Z,1.2,100.0,97.6,196.6,3.2,cloudy,0.0
"Madison, NH",2025-01-17T13:19:19Z,2025-01-19T03:00:00Z,1.1,100.0,97.7,193.4,2.4,lightsleet,0.1
"Madison, NH",2025-01-17T13:19:19Z,2025-01-19T04:00:00Z,0.9,100.0,98.0,203.4,1.8,cloudy,0.0
"Madison, NH",2025-01-17T13:19:19Z,2025-01-19T05:00:00Z,0.8,100.0,97.2,214.8,1.7,lightsleet,0.2
"Madison, NH",2025-01-17T13:19:19Z,2025-01-19T06:00:00Z,0.9,100.0,96.5,212.7,1.9,lightsleet,0.2
"Madison, NH",2025-01-17T13:19:19Z,2025-01-19T07:00:00Z,0.7,100.0,97.6,217.4,1.9,cloudy,0.0
"Madison, NH",2025-01-17T13:19:19Z,2025-01-19T08:00:00Z,0.5,66.4,98.3,230.9,2.0,partlycloudy_night,0.0
"Madison, NH",2025-01-17T13:19:19Z,2025-01-19T09:00:00Z,-0.4,20.3,97.7,249.0,2.3,fair_night,0.0
"Madison, NH",2025-01-17T13:19:19Z,2025-01-19T10:00:00Z,-1.2,61.7,94.0,267.2,2.3,partlycloudy_night,0.0
"Madison, NH",2025-01-17T13:19:19Z,2025-01-19T11:00:00Z,0.1,78.1,89.0,298.6,3.3,partlycloudy_night,0.0
"Madison, NH",2025-01-17T13:19:19Z,2025-01-19T12:00:00Z,-0.5,22.7,87.1,303.9,3.2,fair_day,0.0
"Madison, NH",2025-01-17T13:19:19Z,2025-01-19T13:00:00Z,-1.4,31.2,84.4,304.6,3.7,fair_day,0.0
"Madison, NH",2025-01-17T13:19:19Z,2025-01-19T14:00:00Z,-1.8,48.4,73.9,311.2,4.0,partlycloudy_day,0.0
"Madison, NH",2025-01-17T13:19:19Z,2025-01-19T15:00:00Z,-2.0,36.7,63.7,306.2,3.2,fair_day,0.0
"Madison, NH",2025-01-17T13:19:19Z,2025-01-19T16:00:00Z,-1.8,36.7,58.3,301.9,2.3,fair_day,0.0
"Madison, NH",2025-01-17T13:19:19Z,2025-01-19T17:00:00Z,-0.2,53.1,42.6,299.5,2.2,partlycloudy_day,0.0
"Madison, NH",2025-01-17T13:19:19Z,2025-01-19T18:00:00Z,0.4,9.4,36.2,311.7,2.0,clearsky_day,0.0
"Madison, NH",2025-01-17T13:19:19Z,2025-01-19T19:00:00Z,0.6,59.4,34.7,336.9,1.9,partlycloudy_day,0.0
"Madison, NH",2025-01-17T13:19:19Z,2025-01-19T20:00:00Z,-0.1,37.5,41.0,0.5,2.4,fair_day,0.0
"Madison, NH",2025-01-17T13:19:19Z,2025-01-19T21:00:00Z,-2.5,48.4,52.7,29.9,3.7,partlycloudy_day,0.0
"Madison, NH",2025-01-17T13:19:19Z,2025-01-19T22:00:00Z,-5.2,100.0,61.1,34.1,3.4,cloudy,0.0
"Madison, NH",2025-01-17T13:19:19Z,2025-01-19T23:00:00Z,-5.2,100.0,61.3,23.4,3.4,cloudy,0.0
"Madison, NH",2025-01-17T13:19:19Z,2025-01-20T00:00:00Z,-6.2,100.0,66.2,7.1,2.8,cloudy,0.0
"Madison, NH",2025-01-17T13:19:19Z,2025-01-20T01:00:00Z,-6.9,100.0,68.9,17.8,2.8,lightsnow,0.2
"Madison, NH",2025-01-17T13:19:19Z,2025-01-20T02:00:00Z,-7.7,100.0,75.6,19.3,2.1,snow,0.5
"Madison, NH",2025-01-17T13:19:19Z,2025-01-20T03:00:00Z,-8.2,100.0,77.6,17.1,2.3,snow,0.5
"Madison, NH",2025-01-17T13:19:19Z,2025-01-20T04:00:00Z,-8.8,100.0,80.0,17.9,3.1,snow,0.4
"Madison, NH",2025-01-17T13:19:19Z,2025-01-20T05:00:00Z,-9.2,100.0,79.6,11.2,2.9,snow,0.4
"Avila Beach, CA",2025-01-17T13:19:19Z,2025-01-17T15:00:00Z,4.6,0.0,53.3,68.5,2.8,clearsky_day,0.0
"Avila Beach, CA",2025-01-17T13:19:19Z,2025-01-17T16:00:00Z,6.0,0.0,57.4,42.1,2.6,clearsky_day,0.0
"Avila Beach, CA",2025-01-17T13:19:19Z,2025-01-17T17:00:00Z,9.5,0.0,58.4,321.2,1.8,clearsky_day,0.0
"Avila Beach, CA",2025-01-17T13:19:19Z,2025-01-17T18:00:00Z,11.7,0.0,47.0,225.8,1.2,clearsky_day,0.0
"Avila Beach, CA",2025-01-17T13:19:19Z,2025-01-17T19:00:00Z,13.1,0.0,52.4,246.6,1.6,clearsky_day,0.0
"Avila Beach, CA",2025-01-17T13:19:19Z,2025-01-17T20:00:00Z,14.2,0.8,56.3,269.5,2.5,clearsky_day,0.0
"Avila Beach, CA",2025-01-17T13:19:19Z,2025-01-17T21:00:00Z,14.7,0.0,58.7,277.2,4.5,clearsky_day,0.0
"Avila Beach, CA",2025-01-17T13:19:19Z,2025-01-17T22:00:00Z,14.2,10.9,63.5,292.8,5.9,clearsky_day,0.0
"Avila Beach, CA",2025-01-17T13:19:19Z,2025-01-17T23:00:00Z,13.4,1.6,69.9,297.1,5.6,clearsky_day,0.0
"Avila Beach, CA",2025-01-17T13:19:19Z,2025-01-18T00:00:00Z,12.2,0.0,77.7,299.7,5.3,clearsky_day,0.0
"Avila Beach, CA",2025-01-17T13:19:19Z,2025-01-18T01:00:00Z,10.2,0.8,90.5,307.2,5.2,clearsky_night,0.0
"Avila Beach, CA",2025-01-17T13:19:19Z,2025-01-18T02:00:00Z,8.9,8.6,95.8,316.7,5.4,clearsky_night,0.0
"Avila Beach, CA",2025-01-17T13:19:19Z,2025-01-18T03:00:00Z,7.9,20.3,97.5,331.6,5.1,fair_night,0.0
"Avila Beach, CA",2025-01-17T13:19:19Z,2025-01-18T04:00:00Z,7.2,57.0,97.8,344.3,5.2,fog,0.0
"Avila Beach, CA",2025-01-17T13:19:19Z,2025-01-18T05:00:00Z,6.9,65.6,96.5,359.7,4.7,fog,0.0
"Avila Beach, CA",2025-01-17T13:19:19Z,2025-01-18T06:00:00Z,5.9,58.6,96.6,33.7,3.2,fog,0.0
"Avila Beach, CA",2025-01-17T13:19:19Z,2025-01-18T07:00:00Z,4.8,67.2,96.3,28.4,2.6,fog,0.0
"Avila Beach, CA",2025-01-17T13:19:19Z,2025-01-18T08:00:00Z,4.1,80.5,95.4,21.3,2.5,fog,0.0
"Avila Beach, CA",2025-01-17T13:19:19Z,2025-01-18T09:00:00Z,3.5,79.7,96.4,17.7,2.3,fog,0.0
"Avila Beach, CA",2025-01-17T13:19:19Z,2025-01-18T10:00:00Z,2.9,77.3,96.3,18.8,2.4,fog,0.0
"Avila Beach, CA",2025-01-17T13:19:19Z,2025-01-18T11:00:00Z,2.2,78.1,95.9,16.5,2.3,fog,0.0
"Avila Beach, CA",2025-01-17T13:19:19Z,2025-01-18T12:00:00Z,1.9,76.6,95.5,14.6,2.4,fog,0.0
"Avila Beach, CA",2025-01-17T13:19:19Z,2025-01-18T13:00:00Z,1.5,77.3,94.9,15.9,2.8,fog,0.0
"Avila Beach, CA",2025-01-17T13:19:19Z,2025-01-18T14:00:00Z,1.2,77.3,94.6,21.4,2.7,fog,0.0
"Avila Beach, CA",2025-01-17T13:19:19Z,2025-01-18T15:00:00Z,0.7,71.9,95.7,22.1,2.7,fog,0.0
"Avila Beach, CA",2025-01-17T13:19:19Z,2025-01-18T16:00:00Z,1.9,63.3,94.6,27.5,2.4,fog,0.0
"Avila Beach, CA",2025-01-17T13:19:19Z,2025-01-18T17:00:00Z,6.8,15.6,88.1,46.7,2.2,fair_day,0.0
"Avila Beach, CA",2025-01-17T13:19:19Z,2025-01-18T18:00:00Z,10.8,3.1,70.7,193.3,1.7,clearsky_day,0.0
"Avila Beach, CA",2025-01-17T13:19:19Z,2025-01-18T19:00:00Z,13.0,2.3,61.1,220.0,1.8,clearsky_day,0.0
"Avila Beach, CA",2025-01-17T13:19:19Z,2025-01-18T20:00:00Z,14.2,2.3,60.0,233.9,2.5,clearsky_day,0.0
"Avila Beach, CA",2025-01-17T13:19:19Z,2025-01-18T21:00:00Z,14.6,1.6,62.6,247.5,3.5,clearsky_day,0.0
"Avila Beach, CA",2025-01-17T13:19:19Z,2025-01-18T22:00:00Z,14.4,0.0,64.7,272.4,4.8,clearsky_day,0.0
"Avila Beach, CA",2025-01-17T13:19:19Z,2025-01-18T23:00:00Z,13.5,0.0,67.5,294.8,6.2,clearsky_day,0.0
"Avila Beach, CA",2025-01-17T13:19:19Z,2025-01-19T00:00:00Z,12.1,0.0,72.9,307.5,5.8,clearsky_day,0.0
"Avila Beach, CA",2025-01-17T13:19:19Z,2025-01-19T01:00:00Z,9.7,0.0,86.1,316.3,4.8,clearsky_night,0.0
"Avila Beach, CA",2025-01-17T13:19:19Z,2025-01-19T02:00:00Z,7.7,0.0,91.9,339.3,4.2,clearsky_night,0.0
"Avila Beach, CA",2025-01-17T13:19:19Z,2025-01-19T03:00:00Z,6.9,0.0,93.3,7.6,3.6,clearsky_night,0.0
"Avila Beach, CA",2025-01-17T13:19:19Z,2025-01-19T04:00:00Z,6.2,0.0,93.2,29.7,3.1,clearsky_night,0.0
"Avila Beach, CA",2025-01-17T13:19:19Z,2025-01-19T05:00:00Z,5.7,0.0,91.7,22.8,3.3,clearsky_night,0.0
"Avila Beach, CA",2025-01-17T13:19:19Z,2025-01-19T06:00:00Z,5.3,0.0,89.5,17.7,3.1,clearsky_night,0.0
"Avila Beach, CA",2025-01-17T13:19:19Z,2025-01-19T07:00:00Z,5.1,5.5,86.9,9.0,3.6,clearsky_night,0.0
"Avila Beach, CA",2025-01-17T13:19:19Z,2025-01-19T08:00:00Z,4.7,5.5,84.6,25.5,3.5,clearsky_night,0.0
"Avila Beach, CA",2025-01-17T13:19:19Z,2025-01-19T09:00:00Z,4.6,34.4,80.9,38.1,3.2,fair_night,0.0
"Avila Beach, CA",2025-01-17T13:19:19Z,2025-01-19T10:00:00Z,4.6,36.7,77.8,42.0,2.9,fair_night,0.0
"Avila Beach, CA",2025-01-17T13:19:19Z,2025-01-19T11:00:00Z,4.4,38.3,76.1,50.4,2.3,partlycloudy_night,0.0
"Avila Beach, CA",2025-01-17T13:19:19Z,2025-01-19T12:00:00Z,3.5,22.7,76.1,52.3,2.4,fair_night,0.0
"Avila Beach, CA",2025-01-17T13:19:19Z,2025-01-19T13:00:00Z,2.5,8.6,79.6,58.5,2.3,clearsky_night,0.0
"Avila Beach, CA",2025-01-17T13:19:19Z,2025-01-19T14:00:00Z,1.7,7.0,83.0,40.3,2.0,clearsky_night,0.0
"Avila Beach, CA",2025-01-17T13:19:19Z,2025-01-19T15:00:00Z,1.2,1.6,85.4,22.2,1.9,clearsky_day,0.0
"Avila Beach, CA",2025-01-17T13:19:19Z,2025-01-19T16:00:00Z,2.8,0.8,83.4,23.2,1.7,clearsky_day,0.0
"Avila Beach, CA",2025-01-17T13:19:19Z,2025-01-19T17:00:00Z,7.3,0.8,81.9,20.3,1.4,clearsky_day,0.0
"Avila Beach, CA",2025-01-17T13:19:19Z,2025-01-19T18:00:00Z,10.8,0.8,65.7,277.8,1.7,clearsky_day,0.0
"Avila Beach, CA",2025-01-17T13:19:19Z,2025-01-19T19:00:00Z,13.1,0.8,60.2,279.8,3.3,clearsky_day,0.0
"Avila Beach, CA",2025-01-17T13:19:19Z,2025-01-19T20:00:00Z,14.6,0.0,58.1,289.6,5.9,clearsky_day,0.0
"Avila Beach, CA",2025-01-17T13:19:19Z,2025-01-19T21:00:00Z,15.0,0.0,61.2,296.0,7.5,clearsky_day,0.0
"Avila Beach, CA",2025-01-17T13:19:19Z,2025-01-19T22:00:00Z,14.3,0.0,66.1,302.1,8.3,clearsky_day,0.0
"Avila Beach, CA",2025-01-17T13:19:19Z,2025-01-19T23:00:00Z,13.0,0.0,71.8,305.6,8.5,clearsky_day,0.0
"Avila Beach, CA",2025-01-17T13:19:19Z,2025-01-20T00:00:00Z,11.4,0.0,77.9,312.0,8.8,clearsky_day,0.0
"Avila Beach, CA",2025-01-17T13:19:19Z,2025-01-20T01:00:00Z,9.5,0.8,87.7,318.8,8.8,clearsky_night,0.0
"Avila Beach, CA",2025-01-17T13:19:19Z,2025-01-20T02:00:00Z,8.4,3.9,93.7,327.1,8.8,clearsky_night,0.0
"Avila Beach, CA",2025-01-17T13:19:19Z,2025-01-20T03:00:00Z,8.0,30.5,96.4,330.3,8.7,fair_night,0.0
"Avila Beach, CA",2025-01-17T13:19:19Z,2025-01-20T04:00:00Z,7.9,75.8,98.0,333.1,8.1,partlycloudy_night,0.0
"Avila Beach, CA",2025-01-17T13:19:19Z,2025-01-20T05:00:00Z,7.5,98.4,98.1,341.3,7.9,fog,0.0
"Borrego Springs, CA",2025-01-17T13:18:59Z,2025-01-17T15:00:00Z,7.4,0.8,58.3,288.0,5.5,clearsky_day,0.0
"Borrego Springs, CA",2025-01-17T13:18:59Z,2025-01-17T16:00:00Z,9.8,1.6,50.5,289.3,6.1,clearsky_day,0.0
"Borrego Springs, CA",2025-01-17T13:18:59Z,2025-01-17T17:00:00Z,13.4,0.8,37.9,288.3,5.9,clearsky_day,0.0
"Borrego Springs, CA",2025-01-17T13:18:59Z,2025-01-17T18:00:00Z,15.9,0.8,27.4,290.3,6.2,clearsky_day,0.0
"Borrego Springs, CA",2025-01-17T13:18:59Z,2025-01-17T19:00:00Z,17.4,0.0,24.3,288.7,6.0,clearsky_day,0.0
"Borrego Springs, CA",2025-01-17T13:18:59Z,2025-01-17T20:00:00Z,18.3,0.0,25.2,286.9,6.2,clearsky_day,0.0
"Borrego Springs, CA",2025-01-17T13:18:59Z,2025-01-17T21:00:00Z,18.5,0.8,27.7,284.5,6.5,clearsky_day,0.0
"Borrego Springs, CA",2025-01-17T13:18:59Z,2025-01-17T22:00:00Z,18.1,0.8,30.8,287.6,6.4,clearsky_day,0.0
"Borrego Springs, CA",2025-01-17T13:18:59Z,2025-01-17T23:00:00Z,17.6,2.3,33.2,290.3,6.2,clearsky_day,0.0
"Borrego Springs, CA",2025-01-17T13:18:59Z,2025-01-18T00:00:00Z,16.6,1.6,37.8,292.3,5.8,clearsky_day,0.0
"Borrego Springs, CA",2025-01-17T13:18:59Z,2025-01-18T01:00:00Z,15.1,0.0,43.8,288.7,4.8,clearsky_night,0.0
"Borrego Springs, CA",2025-01-17T13:18:59Z,2025-01-18T02:00:00Z,13.6,0.0,50.2,284.0,4.4,clearsky_night,0.0
"Borrego Springs, CA",2025-01-17T13:18:59Z,2025-01-18T03:00:00Z,12.4,0.0,57.3,283.2,4.0,clearsky_night,0.0
"Borrego Springs, CA",2025-01-17T13:18:59Z,2025-01-18T04:00:00Z,11.4,0.0,62.0,287.2,4.2,clearsky_night,0.0
"Borrego Springs, CA",2025-01-17T13:18:59Z,2025-01-18T05:00:00Z,10.7,0.0,64.7,288.5,4.1,clearsky_night,0.0
"Borrego Springs, CA",2025-01-17T13:18:59Z,2025-01-18T06:00:00Z,10.1,0.0,66.4,291.1,4.2,clearsky_night,0.0
"Borrego Springs, CA",2025-01-17T13:18:59Z,2025-01-18T07:00:00Z,9.8,0.0,67.4,292.2,4.2,clearsky_night,0.0
"Borrego Springs, CA",2025-01-17T13:18:59Z,2025-01-18T08:00:00Z,9.4,0.0,68.8,292.2,4.4,clearsky_night,0.0
"Borrego Springs, CA",2025-01-17T13:18:59Z,2025-01-18T09:00:00Z,9.1,0.0,69.6,292.1,4.3,clearsky_night,0.0
"Borrego Springs, CA",2025-01-17T13:18:59Z,2025-01-18T10:00:00Z,8.9,0.0,69.8,291.9,4.2,clearsky_night,0.0
"Borrego Springs, CA",2025-01-17T13:18:59Z,2025-01-18T11:00:00Z,8.7,0.0,69.7,292.4,4.1,clearsky_night,0.0
"Borrego Springs, CA",2025-01-17T13:18:59Z,2025-01-18T12:00:00Z,8.5,0.0,69.5,292.5,3.8,clearsky_night,0.0
"Borrego Springs, CA",2025-01-17T13:18:59Z,2025-01-18T13:00:00Z,8.3,0.0,68.3,290.6,3.4,clearsky_night,0.0
"Borrego Springs, CA",2025-01-17T13:18:59Z,2025-01-18T14:00:00Z,7.9,0.0,67.6,291.1,3.3,clearsky_night,0.0
"Borrego Springs, CA",2025-01-17T13:18:59Z,2025-01-18T15:00:00Z,7.6,0.0,65.6,292.4,3.4,clearsky_day,0.0
"Borrego Springs, CA",2025-01-17T13:18:59Z,2025-01-18T16:00:00Z,10.5,0.0,51.4,293.8,2.8,clearsky_day,0.0
"Borrego Springs, CA",2025-01-17T13:18:59Z,2025-01-18T17:00:00Z,15.4,0.0,35.8,294.4,1.2,clearsky_day,0.0
"Borrego Springs, CA",2025-01-17T13:18:59Z,2025-01-18T18:00:00Z,16.8,0.0,30.9,131.1,1.9,clearsky_day,0.0
"Borrego Springs, CA",2025-01-17T13:18:59Z,2025-01-18T19:00:00Z,18.0,0.0,25.0,139.3,2.6,clearsky_day,0.0
"Borrego Springs, CA",2025-01-17T13:18:59Z,2025-01-18T20:00:00Z,18.9,0.0,22.6,144.0,2.9,clearsky_day,0.0
"Borrego Springs, CA",2025-01-17T13:18:59Z,2025-01-18T21:00:00Z,19.5,0.0,21.3,149.5,3.1,clearsky_day,0.0
"Borrego Springs, CA",2025-01-17T13:18:59Z,2025-01-18T22:00:00Z,19.8,0.0,20.7,153.8,3.1,clearsky_day,0.0
"Borrego Springs, CA",2025-01-17T13:18:59Z,2025-01-18T23:00:00Z,19.7,0.0,20.4,157.0,2.8,clearsky_day,0.0
"Borrego Springs, CA",2025-01-17T13:18:59Z,2025-01-19T00:00:00Z,19.1,0.0,21.1,169.5,2.3,clearsky_day,0.0
"Borrego Springs, CA",2025-01-17T13:18:59Z,2025-01-19T01:00:00Z,17.4,0.0,27.0,223.2,1.4,clearsky_night,0.0
"Borrego Springs, CA",2025-01-17T13:18:59Z,2025-01-19T02:00:00Z,16.1,0.0,26.9,281.4,0.9,clearsky_night,0.0
"Borrego Springs, CA",2025-01-17T13:18:59Z,2025-01-19T03:00:00Z,15.1,0.0,27.4,284.6,1.2,clearsky_night,0.0
"Borrego Springs, CA",2025-01-17T13:18:59Z,2025-01-19T04:00:00Z,14.5,0.0,28.1,296.9,1.2,clearsky_night,0.0
"Borrego Springs, CA",2025-01-17T13:18:59Z,2025-01-19T05:00:00Z,13.8,0.0,29.1,304.1,1.4,clearsky_night,0.0
"Borrego Springs, CA",2025-01-17T13:18:59Z,2025-01-19T06:00:00Z,13.2,0.0,30.2,303.3,1.4,clearsky_night,0.0
"Borrego Springs, CA",2025-01-17T13:18:59Z,2025-01-19T07:00:00Z,12.8,0.0,30.9,304.6,1.4,clearsky_night,0.0
"Borrego Springs, CA",2025-01-17T13:18:59Z,2025-01-19T08:00:00Z,12.4,0.0,31.6,307.1,1.6,clearsky_night,0.0
"Borrego Springs, CA",2025-01-17T13:18:59Z,2025-01-19T09:00:00Z,11.7,0.0,32.9,309.1,1.9,clearsky_night,0.0
"Borrego Springs, CA",2025-01-17T13:18:59Z,2025-01-19T10:00:00Z,10.8,0.0,34.9,307.1,2.0,clearsky_night,0.0
"Borrego Springs, CA",2025-01-17T13:18:59Z,2025-01-19T11:00:00Z,10.0,0.0,36.8,304.4,2.2,clearsky_night,0.0
"Borrego Springs, CA",2025-01-17T13:18:59Z,2025-01-19T12:00:00Z,9.6,0.0,37.5,308.5,2.0,clearsky_night,0.0
"Borrego Springs, CA",2025-01-17T13:18:59Z,2025-01-19T13:00:00Z,9.5,0.0,37.0,305.3,2.0,clearsky_night,0.0
"Borrego Springs, CA",2025-01-17T13:18:59Z,2025-01-19T14:00:00Z,9.7,0.0,35.5,306.2,2.0,clearsky_night,0.0
"Borrego Springs, CA",2025-01-17T13:18:59Z,2025-01-19T15:00:00Z,9.7,0.0,34.8,309.0,2.0,clearsky_day,0.0
"Borrego Springs, CA",2025-01-17T13:18:59Z,2025-01-19T16:00:00Z,12.0,0.0,30.5,309.1,1.8,clearsky_day,0.0
"Borrego Springs, CA",2025-01-17T13:18:59Z,2025-01-19T17:00:00Z,15.4,0.0,23.2,0.5,0.8,clearsky_day,0.0
"Borrego Springs, CA",2025-01-17T13:18:59Z,2025-01-19T18:00:00Z,16.7,0.0,22.2,87.2,1.4,clearsky_day,0.0
"Borrego Springs, CA",2025-01-17T13:18:59Z,2025-01-19T19:00:00Z,17.8,0.0,21.3,99.0,1.9,clearsky_day,0.0
"Borrego Springs, CA",2025-01-17T13:18:59Z,2025-01-19T20:00:00Z,18.7,0.0,19.8,106.8,2.5,clearsky_day,0.0
"Borrego Springs, CA",2025-01-17T13:18:59Z,2025-01-19T21:00:00Z,19.5,0.0,18.8,108.6,3.0,clearsky_day,0.0
"Borrego Springs, CA",2025-01-17T13:18:59Z,2025-01-19T22:00:00Z,20.0,0.0,18.8,109.6,3.2,clearsky_day,0.0
"Borrego Springs, CA",2025-01-17T13:18:59Z,2025-01-19T23:00:00Z,19.9,0.0,19.7,116.1,3.6,clearsky_day,0.0
"Borrego Springs, CA",2025-01-17T13:18:59Z,2025-01-20T00:00:00Z,19.3,0.0,21.1,120.9,3.8,clearsky_day,0.0
"Borrego Springs, CA",2025-01-17T13:18:59Z,2025-01-20T01:00:00Z,17.2,0.0,27.9,147.1,2.8,clearsky_night,0.0
"Borrego Springs, CA",2025-01-17T13:18:59Z,2025-01-20T02:00:00Z,15.6,0.0,34.2,265.7,3.1,clearsky_night,0.0
"Borrego Springs, CA",2025-01-17T13:18:59Z,2025-01-20T03:00:00Z,14.0,0.0,48.5,281.8,3.9,clearsky_night,0.0
"Borrego Springs, CA",2025-01-17T13:18:59Z,2025-01-20T04:00:00Z,13.0,0.8,63.3,284.4,4.4,clearsky_night,0.0
"Borrego Springs, CA",2025-01-17T13:18:59Z,2025-01-20T05:00:00Z,12.1,3.1,67.7,287.1,4.7,clearsky_night,0.0
"Crescent, OR",2025-01-17T13:18:57Z,2025-01-17T15:00:00Z,-3.1,100.0,96.4,139.9,0.9,fog,0.0
"Crescent, OR",2025-01-17T13:18:57Z,2025-01-17T16:00:00Z,-3.8,99.2,96.3,123.0,1.2,fog,0.0
"Crescent, OR",2025-01-17T13:18:57Z,2025-01-17T17:00:00Z,-3.3,99.2,96.5,97.2,1.3,fog,0.0
"Crescent, OR",2025-01-17T13:18:57Z,2025-01-17T18:00:00Z,-2.6,80.5,90.0,65.2,1.5,fog,0.0
"Crescent, OR",2025-01-17T13:18:57Z,2025-01-17T19:00:00Z,-1.9,82.8,80.8,56.1,1.5,partlycloudy_day,0.0
"Crescent, OR",2025-01-17T13:18:57Z,2025-01-17T20:00:00Z,-1.0,68.7,72.2,62.7,1.4,partlycloudy_day,0.0
"Crescent, OR",2025-01-17T13:18:57Z,2025-01-17T21:00:00Z,-0.3,69.5,64.1,68.2,1.4,partlycloudy_day,0.0
"Crescent, OR",2025-01-17T13:18:57Z,2025-01-17T22:00:00Z,0.3,8.6,58.4,70.3,1.3,clearsky_day,0.0
"Crescent, OR",2025-01-17T13:18:57Z,2025-01-17T23:00:00Z,0.1,0.0,60.6,75.2,1.1,clearsky_day,0.0
"Crescent, OR",2025-01-17T13:18:57Z,2025-01-18T00:00:00Z,-1.5,0.0,61.8,78.7,0.9,clearsky_day,0.0
"Crescent, OR",2025-01-17T13:18:57Z,2025-01-18T01:00:00Z,-3.7,0.0,65.3,138.3,1.0,clearsky_night,0.0
"Crescent, OR",2025-01-17T13:18:57Z,2025-01-18T02:00:00Z,-5.1,0.0,71.1,204.7,1.1,clearsky_night,0.0
"Crescent, OR",2025-01-17T13:18:57Z,2025-01-18T03:00:00Z,-6.2,0.0,74.7,245.1,0.6,clearsky_night,0.0
"Crescent, OR",2025-01-17T13:18:57Z,2025-01-18T04:00:00Z,-7.2,0.0,78.0,283.2,0.7,clearsky_night,0.0
"Crescent, OR",2025-01-17T13:18:57Z,2025-01-18T05:00:00Z,-7.9,0.0,81.1,277.7,0.5,clearsky_night,0.0
"Crescent, OR",2025-01-17T13:18:57Z,2025-01-18T06:00:00Z,-9.3,0.0,86.5,266.0,0.4,clearsky_night,0.0
"Crescent, OR",2025-01-17T13:18:57Z,2025-01-18T07:00:00Z,-10.6,47.7,92.1,259.0,0.5,fog,0.0
"Crescent, OR",2025-01-17T13:18:57Z,2025-01-18T08:00:00Z,-11.7,50.8,91.9,245.1,0.5,fog,0.0
"Crescent, OR",2025-01-17T13:18:57Z,2025-01-18T09:00:00Z,-12.2,52.3,90.1,244.9,0.5,fog,0.0
"Crescent, OR",2025-01-17T13:18:57Z,2025-01-18T10:00:00Z,-12.7,53.1,88.3,236.8,0.6,fog,0.0
"Crescent, OR",2025-01-17T13:18:57Z,2025-01-18T11:00:00Z,-13.1,53.1,88.1,249.4,0.9,fog,0.0
"Crescent, OR",2025-01-17T13:18:57Z,2025-01-18T12:00:00Z,-12.9,56.2,88.3,256.7,0.9,fog,0.0
"Crescent, OR",2025-01-17T13:18:57Z,2025-01-18T13:00:00Z,-13.6,73.4,88.6,264.4,0.9,fog,0.0
"Crescent, OR",2025-01-17T13:18:57Z,2025-01-18T14:00:00Z,-13.5,83.6,88.6,273.3,1.1,fog,0.0
"Crescent, OR",2025-01-17T13:18:57Z,2025-01-18T15:00:00Z,-13.5,98.4,88.1,353.4,0.8,fog,0.0
"Crescent, OR",2025-01-17T13:18:57Z,2025-01-18T16:00:00Z,-13.1,100.0,86.9,289.2,1.0,fog,0.0
"Crescent, OR",2025-01-17T13:18:57Z,2025-01-18T17:00:00Z,-10.2,100.0,82.3,309.2,1.5,fog,0.0
"Crescent, OR",2025-01-17T13:18:57Z,2025-01-18T18:00:00Z,-7.4,98.4,74.8,359.5,1.3,fog,0.0
"Crescent, OR",2025-01-17T13:18:57Z,2025-01-18T19:00:00Z,-4.4,64.8,64.8,31.1,0.8,partlycloudy_day,0.0
"Crescent, OR",2025-01-17T13:18:57Z,2025-01-18T20:00:00Z,-2.0,96.1,56.7,55.1,1.0,partlycloudy_day,0.0
"Crescent, OR",2025-01-17T13:18:57Z,2025-01-18T21:00:00Z,-0.2,93.7,52.2,76.7,1.1,partlycloudy_day,0.0
"Crescent, OR",2025-01-17T13:18:57Z,2025-01-18T22:00:00Z,0.9,100.0,54.0,65.6,1.0,partlycloudy_day,0.0
"Crescent, OR",2025-01-17T13:18:57Z,2025-01-18T23:00:00Z,1.2,99.2,57.3,63.3,0.8,partlycloudy_day,0.0
"Crescent, OR",2025-01-17T13:18:57Z,2025-01-19T00:00:00Z,0.5,89.1,55.6,35.2,0.8,cloudy,0.0
"Crescent, OR",2025-01-17T13:18:57Z,2025-01-19T01:00:00Z,-2.6,96.1,65.4,42.5,0.9,cloudy,0.0
"Crescent, OR",2025-01-17T13:18:57Z,2025-01-19T02:00:00Z,-3.6,92.2,68.7,33.9,0.4,cloudy,0.0
"Crescent, OR",2025-01-17T13:18:57Z,2025-01-19T03:00:00Z,-4.5,92.2,71.1,307.0,0.4,cloudy,0.0
"Crescent, OR",2025-01-17T13:18:57Z,2025-01-19T04:00:00Z,-4.9,21.9,73.5,230.9,0.9,fair_night,0.0
"Crescent, OR",2025-01-17T13:18:57Z,2025-01-19T05:00:00Z,-6.3,12.5,73.7,212.6,0.9,clearsky_night,0.0
"Crescent, OR",2025-01-17T13:18:57Z,2025-01-19T06:00:00Z,-7.2,5.5,74.6,201.5,1.2,clearsky_night,0.0
"Crescent, OR",2025-01-17T13:18:57Z,2025-01-19T07:00:00Z,-8.4,0.0,75.1,207.5,1.4,clearsky_night,0.0
"Crescent, OR",2025-01-17T13:18:57Z,2025-01-19T08:00:00Z,-9.3,0.0,77.1,207.6,1.7,clearsky_night,0.0
"Crescent, OR",2025-01-17T13:18:57Z,2025-01-19T09:00:00Z,-10.1,0.0,78.8,212.7,2.0,clearsky_night,0.0
"Crescent, OR",2025-01-17T13:18:57Z,2025-01-19T10:00:00Z,-10.6,7.0,79.6,214.7,2.5,clearsky_night,0.0
"Crescent, OR",2025-01-17T13:18:57Z,2025-01-19T11:00:00Z,-10.7,3.9,79.5,215.8,2.7,clearsky_night,0.0
"Crescent, OR",2025-01-17T13:18:57Z,2025-01-19T12:00:00Z,-11.1,0.0,78.6,219.0,2.4,clearsky_night,0.0
"Crescent, OR",2025-01-17T13:18:57Z,2025-01-19T13:00:00Z,-11.1,0.0,78.3,218.7,2.0,clearsky_night,0.0
"Crescent, OR",2025-01-17T13:18:57Z,2025-01-19T14:00:00Z,-11.5,0.0,78.4,219.5,1.8,clearsky_night,0.0
"Crescent, OR",2025-01-17T13:18:57Z,2025-01-19T15:00:00Z,-11.3,0.0,78.0,224.0,1.8,clearsky_night,0.0
"Crescent, OR",2025-01-17T13:18:57Z,2025-01-19T16:00:00Z,-11.3,0.0,77.3,223.2,2.1,clearsky_day,0.0
"Crescent, OR",2025-01-17T13:18:57Z,2025-01-19T17:00:00Z,-7.3,0.0,66.8,22.0,1.4,clearsky_day,0.0
"Crescent, OR",2025-01-17T13:18:57Z,2025-01-19T18:00:00Z,-4.0,2.3,55.3,73.4,1.6,clearsky_day,0.0
"Crescent, OR",2025-01-17T13:18:57Z,2025-01-19T19:00:00Z,-1.3,0.8,49.5,112.7,1.6,clearsky_day,0.0
"Crescent, OR",2025-01-17T13:18:57Z,2025-01-19T20:00:00Z,0.9,0.0,40.0,100.9,1.5,clearsky_day,0.0
"Crescent, OR",2025-01-17T13:18:57Z,2025-01-19T21:00:00Z,2.1,0.0,36.4,83.7,1.8,clearsky_day,0.0
"Crescent, OR",2025-01-17T13:18:57Z,2025-01-19T22:00:00Z,2.4,0.0,35.9,75.7,2.3,clearsky_day,0.0
"Crescent, OR",2025-01-17T13:18:57Z,2025-01-19T23:00:00Z,1.9,0.0,38.0,64.8,2.5,clearsky_day,0.0
"Crescent, OR",2025-01-17T13:18:57Z,2025-01-20T00:00:00Z,0.2,0.0,49.0,46.8,3.1,clearsky_day,0.0
"Crescent, OR",2025-01-17T13:18:57Z,2025-01-20T01:00:00Z,-3.9,0.0,66.7,19.5,2.4,clearsky_night,0.0
"Crescent, OR",2025-01-17T13:18:57Z,2025-01-20T02:00:00Z,-6.0,0.0,76.1,354.5,2.5,clearsky_night,0.0
"Crescent, OR",2025-01-17T13:18:57Z,2025-01-20T03:00:00Z,-7.5,0.0,79.9,343.6,2.7,clearsky_night,0.0
"Crescent, OR",2025-01-17T13:18:57Z,2025-01-20T04:00:00Z,-8.9,0.0,84.1,334.6,2.8,clearsky_night,0.0
"Crescent, OR",2025-01-17T13:18:57Z,2025-01-20T05:00:00Z,-9.5,0.0,86.3,314.5,2.1,clearsky_night,0.0
